,in5_6bed,in5_4bed
ipd bed occ,1.1221115178624572,1.1152638027939321
ipd occ,0.19799999999999998,0.295
