,in5_6bed,in5_4bed
ipd bed occ,0.1851850301057308,0.18552187591813288
ipd occ,0.19599999999999998,0.295
