,in5_6bed,in5_4bed
ipd bed occ,0.1882936948975847,0.2815497860574333
ipd occ,0.19899999999999998,0.298
