Output,6 beds,4 beds
Inpatient bed utilisation (metric 1),0.1882936948975847,0.2815497860574333
Inpatient bed utilisation (metric 2),0.19899999999999998,0.298
