Output,6 beds,4 beds
Inpatient bed utilisation (metric 1),0.1862709522100605,0.2803768428726001
Inpatient bed utilisation (metric 2),0.19799999999999998,0.29699999999999993
